id;name;code;expirated_date;price
1;conglomeration Marketing solutions;Health Future Grocery;2020-09-15T01:43:57;25541
2;Cambridgeshire Accountability XSS;logistical Avon;2020-09-15T19:04:33;94621
3;online SAS;Myanmar;2020-09-14T22:18:33;45380
4;GB Soap Enterprise-wide;morph;2020-09-15T11:09:44;48025
5;Money Market Account China Credit Card Account;Accounts;2020-09-15T15:53:48;43523
6;1080p;Handmade Steel Table Sleek Fresh Cheese;2020-09-14T20:26:31;86777
7;Computer Land;emulation;2020-09-14T22:21:02;51676
8;non-volatile Buckinghamshire;hack SMTP;2020-09-15T11:22:54;30088
9;Beauty;Ball Chair Handmade;2020-09-15T18:46:51;11024
10;violet Corporate;salmon 24/365 metrics;2020-09-15T05:32:57;23524
